{"stats":{"minecraft:crafted":{"minecraft:birch_planks":4,"minecraft:crafting_table":1},"minecraft:picked_up":{"minecraft:birch_log":1,"minecraft:dirt":2},"minecraft:mined":{"minecraft:birch_log":1,"minecraft:grass_block":2},"minecraft:custom":{"minecraft:jump":19,"minecraft:damage_taken":20,"minecraft:leave_game":2,"minecraft:play_time":2457,"minecraft:sprint_one_cm":2346,"minecraft:time_since_death":2457,"minecraft:walk_one_cm":3374,"minecraft:sneak_time":3,"minecraft:total_world_time":2457,"minecraft:fall_one_cm":404,"minecraft:fly_one_cm":7637,"minecraft:time_since_rest":2457},"minecraft:used":{"minecraft:dirt":2,"minecraft:crafting_table":1,"minecraft:grass_block":5}},"DataVersion":3465}